{"cameraMode":{"drawMode":0,"name":"Shaded","section":"Shading Mode"},"sceneLighting":true,"audioPlay":false,"sceneViewState":{"m_AlwaysRefresh":false,"showFog":true,"showSkybox":true,"showFlares":true,"showImageEffects":true,"showParticleSystems":true,"showVisualEffectGraphs":true,"m_FxEnabled":true},"in2DMode":false,"pivot":{"x":-4.836008071899414,"y":2.3711531162261965,"z":-12.312786102294922},"rotation":{"x":0.0051716105081140999,"y":0.9561577439308167,"z":0.01691661775112152,"w":-0.29231908917427065},"size":11.501749992370606,"orthographic":false}